nama_lokasi,latitude,longitude
AR-001,-3.6832,103.6865
AR-002,-3.68312,103.6852
AR-003,-3.68169,103.6865
AR-004,-3.68385,103.6857
AR-005,-3.68274,103.6841
AR-006,-3.68288,103.6829
AR-007,-3.68387,103.6854
AR-008,-3.68368,103.686
AR-009,-3.6838,103.6843
AR-010,-3.68359,103.6833
AR-011,-3.68332,103.6868
AR-012,-3.68342,103.686
AR-013,-3.68344,103.6849
AR-014,-3.68342,103.6838
AR-015,-3.68278,103.6859
AR-016,-3.68389,103.6843
AR-017,-3.68241,103.6848
AR-019,-3.68241,103.6848
AR-020,-3.68257,103.6867
AR-021,-3.68175,103.6838
AR-022,-3.68106,103.6824
AR-023,-3.68096,103.6833
AR-024,-3.6819,103.6856
AR-025,-3.68169,103.6848
AR-026,-3.6829,103.6875
AR-027,-3.68364,103.6841
AR-028,-3.6826,103.6854
AR-029,-3.68288,103.6848
AR-030,-3.68303,103.6859
AR-031,-3.68266,103.6855
AR-032,-3.68344,103.6858
AR-033,-3.68304,103.6854
AR-034,-3.68178,103.6829
AR-035,-3.68216,103.6842
AR-036,-3.68227,103.6834
AR-037,-3.68231,103.686
AR-038,-3.68293,103.6857
AR-039,-3.68319,103.685
AR-040,-3.68262,103.6846
AR-041,-3.68228,103.6852
AR-042,-3.68252,103.6838
AR-043,-3.68224,103.6843
AR-044,-3.68265,103.6822
AR-045,-3.68146,103.6843
AR-046,-3.68151,103.6875
AR-047,-3.68252,103.6828
AR-048,-3.68224,103.6834
AR-049,-3.68195,103.6831
AR-050,-3.68151,103.6819
AR-051,-3.68206,103.6849
AR-052,-3.68183,103.6813
AR-053,-3.6824,103.6814
AR-054,-3.68156,103.6777
AR-055,-3.68179,103.6802
AR-056,-3.68204,103.6824
AR-057,-3.68225,103.6818
AR-058,-3.68132,103.6805
AR-059,-3.68041,103.6782
AR-060,-3.68185,103.6759
AR-061,-3.68219,103.6808
AR-062,-3.68258,103.6802
AR-063,-3.68125,103.6797
AR-064,-3.68177,103.6787
AR-065,-3.68143,103.677
AR-066,-3.68104,103.6761
AR-067,-3.68086,103.6772
AR-068,-3.68108,103.6781
AR-069,-3.68184,103.6796
AR-070,-3.68203,103.6738
AR-071,-3.68377,103.6785
AR-072,-3.68144,103.677
AR-073,-3.68823,103.6595
AR-074,-3.68163,103.6811
AR-075,-3.68149,103.6831
AR-076,-3.68163,103.6784
BEL-001,-3.44239,103.953
BEL-002,-3.45754,103.9668
BEL-003,-3.4395,103.933
BEL-004,-3.44757,103.95
BEL-005,-3.442,103.962
BEL-006,-3.44111,103.9441
BEL-007,-3.44764,103.9573
BEL-008,-3.45238,103.9626
BEL-009,-3.45225,103.9714
BEL-010,-3.46636,103.968
BEL-011,-3.44311,103.9686
BEL-012,-3.46079,103.9908
BEL-013,-3.43742,103.9574
BEL-014,-3.45591,103.9836
BEL-015,-3.43632,103.9389
BEL-016,-3.46527,103.9941
BEL-017,-3.45629,103.9954
BEL-018,-3.45837,103.9768
BEL-019,-3.46243,103.9818
BEL-020,-3.46329,103.9628
BEL-021,-3.44732,103.9756
BEL-022,-3.42774,103.9205
BEL-023,-3.42331,103.9133
BEL-024,-3.43986,103.9391
BEL-025,-3.42964,103.9051
BEL-026,-3.43118,103.9248
BEL-027,-3.45926,103.9856
BEL-028,-3.42475,103.9079
BEL-029,-3.42711,103.9257
BEL-030,-3.43353,103.9144
BEL-031,-3.45407,103.9627
BEL-032,-3.45121,103.9668
BEL-033,-3.44505,103.9521
BEL-034,-3.4274,103.9202
BEL-035,-3.43167,103.9193
BEL-036,-3.46176,103.9857
BEL-037,-3.43365,103.9146
BEL-038,-3.44116,103.9442
BEL-039,-3.45144,103.9531
BEL-040,-3.43478,103.9166
BEL-041,-3.45372,103.9839
BEL-042,-3.45373,103.984
BEL-043,-3.45996,103.9905
BEL-044,-3.42306,104.0019
BEL-045,-3.45373,103.9841
BEL-046,-3.46601,103.9829
BEL-047,-3.4415,103.9874
BEL-048,-3.4147,104.0356
BEL-049,-3.41464,104.0355
BEL-050,-3.43961,103.933
BEL-051,-3.44519,103.9529
BEL-052,-3.46002,103.997
BEL-K4,-3.43967,103.933
BEL-K5,-3.43986,103.9391
BEL-K6,-3.44056,103.9442
BOOSTER NIRU,-3.457962253536411,104.06766394510909
BS-001,-3.685,103.6965
BS-002,-3.68402,103.7002
BS-003,-3.68549,103.7011
BS-004,-3.68385,103.7011
BS-005,-3.68382,103.7025
BS-006,-3.68386,103.6909
BS-007,-3.68373,103.6985
BS-008,-3.68328,103.6958
BS-009,-3.6847,103.7038
BS-010,-3.68355,103.7149
BS-011,-3.68244,103.6968
BS-013,-3.68269,103.701
BS-014,-3.68385,103.6949
BS-015,-3.68468,103.7018
BS-016,-3.68445,103.6964
BS-018,-3.68469,103.7076
BS-019,-3.68463,103.6981
BS-020,-3.68496,103.6999
BS-021,-3.68404,103.6994
BS-022,-3.68445,103.6956
BS-023,-3.68327,103.6968
BS-024,-3.68439,103.6973
BS-025,-3.6849,103.6945
BS-026,-3.68415,103.694
BS-027,-3.68334,103.6942
BS-028,-3.68298,103.6949
BS-029,-3.68379,103.6961
BS-030,-3.68391,103.6975
BS-031,-3.68342,103.6932
BS-032,-3.68246,103.6912
BS-033,-3.68438,103.6929
BS-034,-3.68434,103.692
BS-035,-3.68369,103.6899
BS-036,-3.68401,103.691
BS-037,-3.68439,103.6889
BS-038,-3.6847,103.6899
BS-039,-3.68499,103.6909
BS-040,-3.6838,103.7076
BS-041,-3.68342,103.6976
BS-042,-3.68486,103.691
BS-043,-3.68467,103.6908
BS-044,-3.68353,103.6907
BS-045,-3.68385,103.6926
BS-046,-3.68354,103.6933
BS-047,-3.68441,103.6916
BS-048,-3.68249,103.7077
BS-050,-3.68419,103.7032
BS-051,-3.68442,103.6947
BS-053,-3.68373,103.6891
BS-054,-3.68291,103.6905
BS-055,-3.68397,103.6884
BS-056,-3.68425,103.6874
BS-058,-3.68436,103.6925
BS-060,-3.68401,103.6895
BS-061,-3.68372,103.691
BS-062,-3.68379,103.6955
BS-063,-3.68465,103.699
BS-064,-3.68469,103.7007
BS-065,-3.68473,103.7025
BS-066,-3.6825,103.7
BS-067,-3.68088,103.7
BS-068,-3.68388,103.691
BS-069,-3.68323,103.691
BS-070,-3.68382,103.6951
BS-071,-3.68384,103.6942
BS-072,-3.68387,103.6936
BS-073,-3.68362,103.6905
BS-074,-3.68404,103.6926
BS-075,-3.68396,103.6945
BS-076,-3.68415,103.6909
BS-077,-3.68353,103.6917
BS-078,-3.68389,103.6907
BS-079,-3.6843,103.6923
BS-080,-3.68412,103.6937
BS-081,-3.68387,103.69
BS-082,-3.684,103.6892
BS-083,-3.68429,103.6891
BS-084,-3.68395,103.6896
BS-085,-3.6835,103.6894
BS-086,-3.68427,103.6896
BS-087,-3.68394,103.6887
BS-088,-3.68458,103.6903
BS-089,-3.68418,103.6884
BS-090,-3.68386,103.6883
BS-091,-3.68429,103.6901
BS-092,-3.68368,103.6891
BS-093,-3.68441,103.6883
BS-094,-3.68434,103.6879
BS-095,-3.68406,103.688
BS-096,-3.68388,103.6877
BS-097,-3.68393,103.6873
BS-098,-3.68386,103.6869
BS-099,-3.68422,103.687
BS-100,-3.6835,103.6868
BS-101,-3.68366,103.6875
BS-102,-3.68379,103.6865
BS-103,-3.68408,103.6904
BS-104,-3.68441,103.6906
BS-105,-3.68457,103.6897
BS-106,-3.68457,103.6891
BS-107,-3.6843,103.6887
BS-108,-3.68418,103.6875
BS-109,-3.68455,103.6875
BS-110,-3.68345,103.6963
BS-111,-3.68384,103.6979
BS-112,-3.6845,103.6909
BS-113,-3.68472,103.6907
BS-114,-3.68496,103.6904
BS-115,-3.68458,103.6888
BS-116,-3.68467,103.6894
BS-117,-3.68359,103.6888
BS-119,-3.6838,103.6932
EPF-TMB,-3.54994,104.3247
Fire Station,-3.47768,104.0826
KM-001,-3.68067,103.8775
KM-002,-3.68139,103.8779
KM-003,-3.68132,103.8771
KM-004,-3.68046,103.8765
KM-005,-3.68078,103.8726
KM-005A,-3.68084,103.8726
KM-005B,-3.68086,103.8726
KM-006,-3.68769,103.8731
KM-007,-3.67534,103.8736
KM-008,-3.67589,103.8679
KM-009,-3.67401,103.8638
KM-010,-3.68377,103.88
KM-011,-3.68078,103.8803
KM-012,-3.67794,103.8748
KM-013,-3.67794,103.8695
KM-014,-3.67811,103.8725
KM-015,-3.68306,103.8759
KM-016,-3.6828,103.879
KM-017,-3.68118,103.8788
KM-017J,-3.66642,103.8335
KM-018,-3.67878,103.8773
KM-019,-3.67818,103.8762
KM-020,-3.68225,103.8801
KM-021,-3.68027,103.8795
KM-022,-3.68165,103.8811
KM-023,-3.67992,103.8803
KM-024,-3.67968,103.8775
KM-025,-3.68026,103.8786
KM-026,-3.68386,103.8831
KM-027,-3.67914,103.8785
KM-028,-3.67905,103.8796
KM-029,-3.68189,103.878
KM-030,-3.67933,103.8754
KM-031,-3.68086,103.8778
KM-032,-3.67988,103.8742
KM-033,-3.68115,103.8716
KM-034,-3.68296,103.8775
KM-035,-3.68067,103.8736
KM-036,-3.68335,103.8783
KM-037,-3.68318,103.8766
KM-038,-3.67948,103.8731
KM-039,-3.67974,103.8722
KM-040,-3.6812,103.8744
KM-041,-3.68191,103.8755
KM-042,-3.68006,103.8713
KM-043,-3.67894,103.8709
KM-044,-3.68027,103.8756
KM-045,-3.67681,103.8704
KM-046,-3.67833,103.8739
KM-047,-3.68191,103.8769
KM-048,-3.68487,103.88
KM-049,-3.68203,103.8731
KM-050,-3.67927,103.8698
KM-051,-3.67687,103.8722
KM-052,-3.67774,103.8714
KM-053,-3.68335,103.8809
KM-054,-3.67498,103.8662
KM-055,-3.67405,103.8679
KM-055/22/55J,-3.66903,103.8567
KM-055/23/38,-3.66541,103.8495
KM-055/23/96,-3.66613,103.8439
KM-055/24/77,-3.66656,103.837
KM-055/25/17J,-3.66776,103.8425
KM-055/25/1E,-3.6723,103.834
KM-055J,-3.66848,103.8565
KM-056,-3.67691,103.8664
KM-057,-3.67353,103.8656
KM-058,-3.67566,103.8645
KM-059,-3.68231,103.8823
KM-060,-3.66545,103.8414
KM-061,-3.6662,103.8457
KM-062,-3.66577,103.8388
KM-063,-3.66809,103.8404
KM-065,-3.66669,103.8403
KM-066,-3.66653,103.8377
KM-067,-3.66728,103.8419
KM-068,-3.666,103.843
KM-069,-3.66589,103.8443
KM-070,-3.6675,103.8437
KM-071,-3.66782,103.8386
KM-072,-3.67483,103.8624
KM-073A,-3.67244,103.8642
KM-073B,-3.6724,103.8633
KM-074,-3.67343,103.8623
KM-075,-3.67227,103.8592
KM-076,-3.66894,103.8421
KM-077,-3.66794,103.8456
KM-077J,-3.66656,103.8369
KM-078,-3.67571,103.8696
KM-079,-3.67704,103.8737
KM-080,-3.66719,103.8472
KM-081,-3.6651,103.8436
KM-082,-3.68193,103.8793
KM-083,-3.66796,103.8487
KM-084,-3.67967,103.8766
KM-085,-3.67794,103.8711
KM-086,-3.66596,103.8479
KM-087,-3.66727,103.8505
KM-088,-3.66498,103.8468
KM-089,-3.66508,103.8491
KM-090,-3.66751,103.8524
KM-091,-3.66662,103.8493
KM-092,-3.66764,103.8539
KM-093,-3.68048,103.8815
KM-094,-3.6687,103.8513
KM-095,-3.66659,103.8515
KM-096,-3.66773,103.8437
KM-097,-3.66877,103.8528
KM-098,-3.66611,103.8469
KM-099,-3.6663,103.8417
KM-100,-3.66824,103.85
KM-100A,-3.66805,103.8499
KM-101,-3.66795,103.8555
KM-102,-3.66631,103.8529
KM-104,-3.66874,103.8542
KM-105,-3.66773,103.8515
KM-106,-3.66692,103.8482
KM-107,-3.66932,103.8554
KM-108,-3.66708,103.8548
KM-109,-3.66695,103.8462
KM-110,-3.66701,103.8448
KM-111,-3.66803,103.8472
KM-112,-3.66679,103.8432
KM-113,-3.66744,103.8495
KM-114,-3.66879,103.8563
KM-115,-3.66795,103.8547
KM-116,-3.66746,103.8527
KM-117,-3.68076,103.8786
KM-118,-3.68112,103.8782
KM-119,-3.68216,103.8775
KM-126,-3.66787,103.857
KM-127,-3.6667,103.8538
KM-128,-3.66643,103.8362
KM-129,-3.66685,103.839
KM-134,-3.66594,103.837
KM-135,-3.66932,103.8536
KM-136,-3.68175,103.8766
KM-137,-3.67126,103.8605
KM-138,-3.66582,103.8403
KM-139,-3.66736,103.8409
KM-148,-3.67927,103.8742
KM-149,-3.66673,103.844
KM-150,-3.66882,103.8574
KM-156,-3.67058,103.8595
KM-157,-3.66619,103.8504
KM-158,-3.6697,103.8565
KM-158A,-3.6697,103.8565
KM-159,-3.66716,103.8559
KM-161,-3.66743,103.8397
KM-162,-3.66728,103.8369
KM-163,-3.67887,103.872
KM-171,-3.67161,103.8594
KM-172,-3.66576,103.8492
KM-173,-3.66734,103.838
KM-174,-3.66816,103.8507
KM-175,-3.66686,103.852
KM-176,-3.66823,103.8521
KM-177,-3.67031,103.8603
KM-178,-3.67075,103.8615
KM-179,-3.66644,103.835
KM-180,-3.66708,103.8406
KM-181,-3.66729,103.8356
KM-181A,-3.66732,103.8357
KM-182,-3.66802,103.858
KM-183,-3.66719,103.8529
KM-183A,-3.66709,103.8531
KM-184,-3.66575,103.8379
KM-185,-3.66588,103.8356
KM-186,-3.66891,103.8584
KM-187,-3.66969,103.8577
KM-188,-3.66714,103.8345
KM-189,-3.66818,103.8359
KM-192,-3.66689,103.8573
KM-193,-3.66791,103.8589
KM-194,-3.66703,103.8219
KM-195,-3.67799,103.8704
KM-196,-3.66996,103.8588
KM-197,-3.67647,103.8713
KM-198,-3.67698,103.8688
KM-199,-3.679,103.8764
KM-201,-3.66555,103.8421
KM-202,-3.66623,103.8396
KM-203,-3.66962,103.8545
KM-205,-3.672,103.8611
KM-206,-3.66724,103.8322
KM-208,-3.66695,103.823
KM-208A,-3.66705,103.8234
KM-209,-3.68427,103.8815
KM-210,-3.68139,103.8756
KM-211,-3.68247,103.8783
KM-213,-3.66698,103.8244
KM-214,-3.68508,103.8823
KM-215,-3.6832,103.8819
KM-216,-3.66696,103.8258
KM-217,-3.68593,103.8831
KM-218,-3.66698,103.827
KM-219,-3.669,103.8581
KM-220,-3.667,103.8193
KM-222,-3.66831,103.8347
KM-224,-3.67936,103.8732
KM-225,-3.68273,103.8776
KM-226,-3.66703,103.8283
KM-227,-3.66699,103.8294
KM-228,-3.66705,103.8307
KM-229,-3.66748,103.8334
KM-230,-3.66829,103.8327
KM-231,-3.66823,103.8314
KM-232,-3.66796,103.8302
KM-233,-3.66792,103.826
KM-234,-3.66799,103.8272
KM-235,-3.683,103.88
KM-236,-3.66809,103.8286
KM-236A,-3.66833,103.8287
KM-237,-3.66593,103.827
KM-238,-3.66791,103.8247
KM-239,-3.66708,103.8206
KM-240,-3.6682,103.8234
KM-241,-3.66862,103.8223
KM-243,-3.66886,103.8265
KM-245,-3.6675,103.8278
KM-246,-3.68595,103.8846
KM-247,-3.67475,103.8667
KM-248,-3.66878,103.8547
KM-249,-3.66755,103.8345
KM-251,-3.66722,103.8182
KM-252,-3.6761,103.8675
KM-252A,-3.67616,103.8674
KM-253,-3.66707,103.8426
KM-255,-3.66865,103.8211
KM-256,-3.67723,103.8693
KM-257,-3.66862,103.8199
KM-258,-3.67092,103.86
KM-260,-3.66777,103.8181
KM-261,-3.68043,103.8768
KM-262,-3.66766,103.8335
KM-264,-3.67602,103.8661
KM-265,-3.66713,103.8169
KM-267,-3.66701,103.8406
KM-268,-3.66758,103.8323
KM-269,-3.6678,103.817
KM-270,-3.68085,103.8796
KM-273,-3.67485,103.8653
KM-274,-3.68098,103.8795
KM-276,-3.67118,103.8587
KM-281,-3.67746,103.873
KM-284,-3.67511,103.868
KM-288,-3.67047,103.8582
KM-289,-3.66637,103.8451
KM-290,-3.68035,103.8778
KM-292,-3.67852,103.8754
KM-293,-3.66748,103.834
KM-294,-3.66669,103.8399
KM-298,-3.68272,103.881
KM-299,-3.66718,103.8455
KM-300,-3.66932,103.8594
KM-301,-3.67912,103.8764
KM-306,-3.66774,103.8484
KM-308,-3.67885,103.8773
KM-316,-3.66619,103.8423
KM-317,-3.66722,103.8483
KM-322,-3.6835,103.8822
KM-326,-3.6671,103.8469
KM-327,-3.68721,103.8856
KM-330,-3.68123,103.8771
KM-336,-3.68122,103.8771
KM-370,-3.68074,103.8777
KM-405,-3.67956,103.8754
KM-418,-3.68511,103.8824
KM-426,-3.68185,103.877
KM-444,-3.66847,103.8559
KM-500,-3.68145,103.879
KM-501,-3.67946,103.8743
KM-502,-3.667,103.8478
KM-503,-3.66917,103.838
KM-504,-3.66621,103.8573
KM-505,-3.6675,103.8559
KM-506,-3.66863,103.8586
KM-507A,-3.66918,103.852
KM-508,-3.69528,103.9009
KM-509,-3.66725,103.8516
KM-510,-3.66929,103.85
KM-510A,-3.66911,103.8505
KM-511,-3.67037,103.8511
KM-512,-3.6667,103.8545
KM-513,-3.66918,103.8488
KM-513A,-3.66833,103.8503
KM-514,-3.66599,103.8552
KM-516,-3.66795,103.8517
KM-517,-3.66757,103.8598
KM-518,-3.66959,103.8513
KM-519,-3.67149,103.8524
KM-520,-3.67051,103.8493
KM-521,-3.66812,103.8542
KM-522,-3.66771,103.8545
KM-523,-3.6686,103.8557
KM-524,-3.67049,103.8554
KM-525,-3.66872,103.8397
KM-526,-3.66626,103.8183
KM-527,-3.67181,103.8579
KM-528,-3.67278,103.8601
KM-529,-3.66705,103.8524
KM-530,-3.67155,103.8545
KM-531,-3.66714,103.8499
KM-532,-3.66922,103.8304
KM-532A,-3.66849,103.8299
KM-533,-3.66898,103.8243
KM-534,-3.68206,103.8243
KM-600,-3.66818,103.8495
KM-601,-3.66798,103.851
KM-602,90.0,0.0
KM-603,-3.66732,103.8453
KM-604,-3.66774,103.8524
KM-606,90.0,0.0
KM-607,-3.67049,103.8578
KM-610,-3.67012,103.8537
KM-611,-3.669,103.8534
KM-612,-3.67106,103.8591
KRG-001,-3.51559,104.2676
KRG-003,-3.52108,104.2794
KRG-004,-3.52592,104.2845
KRG-005,-3.51945,104.2694
KRG-006,-3.51901,104.2652
KRG-007,-3.52276,104.2666
KRG-008,-3.51587,104.2684
KRG-009,-3.53267,104.2991
KRG-010,-3.53662,104.3081
KRG-011,-3.51633,104.2718
KRG-012,-3.5307,104.3113
KRG-013,-3.52642,104.2994
KRG-014,-3.53661,104.3029
KRG-015,-3.53657,104.3029
KRG-016,-3.53652,104.303
KRG-017,-3.52604,104.2845
KRG-018,-3.53056,104.3112
KRG-019,-3.52654,104.2994
KRG-020,-3.54002,104.2934
KRG-021,-3.53827,104.3057
KRG-022,-3.53033,104.3024
KRG-023,-3.5261,104.2843
KRG-024,-3.5138,104.2868
KRG-025,-3.50761,104.2853
KRG-026,-3.51445,104.2703
KRG-027,-3.50159,104.2787
KRG-028,-3.52073,104.2673
KRG-029,-3.53743,104.3035
KRG-030,-3.52647,104.2996
KRG-031,-3.51583,104.2681
KRG-INT3,-3.49322,104.2877
KRG-PB3,-3.52639,104.2994
KRG-PH1,-3.50158,104.2788
KRG-PK1,-3.52269,104.2668
KRG-PN1,-3.51311,104.2869
L5A-001,-3.48308,104.0678
L5A-002,-3.48264,104.0587
L5A-003,-3.48525,104.0643
L5A-004,-3.47844,104.068
L5A-005,-3.47392,104.068
L5A-006,-3.47955,104.0532
L5A-007,-3.48183,104.0889
L5A-008,-3.47857,104.0851
L5A-009,-3.48375,104.0952
L5A-010,-3.48963,104.1037
L5A-011,-3.48295,104.1006
L5A-012,-3.48652,104.1338
L5A-013,-3.48254,104.1475
L5A-014,-3.48587,104.1134
L5A-015,-3.49843,104.1288
L5A-016,-3.50435,104.122
L5A-017,-3.48008,104.0989
L5A-018,-3.48827,104.0684
L5A-019,-3.48346,104.1426
L5A-020,-3.50304,104.1267
L5A-021,-3.47786,104.1038
L5A-022,-3.5128,104.2126
L5A-023,-3.48362,104.1389
L5A-024,-3.49291,104.1285
L5A-025,-3.47731,104.0568
L5A-026,-3.48853,104.2155
L5A-027,-3.4679,104.034
L5A-028,-3.50951,104.217
L5A-029,-3.52369,104.2253
L5A-030,-3.48448,104.2255
L5A-031,-3.49299,104.1764
L5A-032,-3.49482,104.2143
L5A-033,-3.46004,104.0318
L5A-034,-3.48922,104.0969
L5A-035,-3.46818,104.0283
L5A-036,-3.50569,104.2213
L5A-037,-3.50075,104.1369
L5A-038,-3.50569,104.2213
L5A-039,-3.50715,104.2119
L5A-040,-3.514,104.2178
L5A-041,-3.49869,104.1744
L5A-042,-3.51664,104.2087
L5A-043,-3.51611,104.2238
L5A-044,-3.48574,104.1
L5A-045,-3.51051,104.2076
L5A-046,-3.50409,104.2164
L5A-047,-3.48698,104.178
L5A-048,-3.51094,104.2221
L5A-049,-3.49128,104.1822
L5A-050,-3.51802,104.214
L5A-051,-3.52764,104.2316
L5A-052,-3.47267,104.0443
L5A-053,-3.47526,104.0988
L5A-054,-3.45963,104.0116
L5A-055,-3.46534,104.0178
L5A-056,-3.49462,104.1723
L5A-057,-3.49896,104.1694
L5A-058,-3.471,104.0241
L5A-059,-3.52454,104.2355
L5A-060,-3.50029,104.1437
L5A-061,-3.50061,104.2206
L5A-062,-3.51272,104.2055
L5A-063,-3.53349,104.2326
L5A-064,-3.5368,104.228
L5A-065,-3.47588,104.0237
L5A-066,-3.47045,104.141
L5A-067,-3.52983,104.2366
L5A-068,-3.46393,104.0368
L5A-069,-3.48582,104.1827
L5A-070,-3.47247,104.0322
L5A-071,-3.49939,104.2149
L5A-072,-3.47045,104.0185
L5A-073,-3.50179,104.165
L5A-074,-3.53191,104.2272
L5A-075,-3.50752,104.2263
L5A-076,-3.4794,104.1513
L5A-077,-3.47678,104.0288
L5A-078,-3.50491,104.1414
L5A-079,-3.52733,104.2271
L5A-080,-3.49475,104.1429
L5A-081,-3.4737,104.1764
L5A-082,-3.47246,104.037
L5A-083,-3.5021,104.2235
L5A-084,-3.50668,104.2082
L5A-085,-3.49541,104.1678
L5A-086,-3.53693,104.2231
L5A-087,-3.53017,104.2223
L5A-088,-3.50205,104.1603
L5A-089 / LO 12-1,-3.47742,104.117
L5A-090,-3.48949,104.1814
L5A-091,-3.49599,104.2185
L5A-092,-3.49039,104.1737
L5A-093,-3.50216,104.2112
L5A-094,-3.47969,104.0233
L5A-095,-3.46599,104.0233
L5A-096,-3.48663,104.1478
L5A-097,-3.48969,104.1436
L5A-098,-3.4644,104.0317
L5A-099,-3.47352,104.1037
L5A-100,-3.4988,104.1648
L5A-101,-3.52742,104.2236
L5A-102,-3.47641,104.1555
L5A-103,-3.48915,104.1882
L5A-104,-3.48429,104.1525
L5A-105,-3.47604,104.0332
L5A-106,-3.49683,104.2236
L5A-107,-3.50564,104.1613
L5A-108,-3.50669,104.2534
L5A-109,-3.47784,104.0286
L5A-110,-3.50899,104.1382
L5A-111,-3.47684,104.0408
L5A-112,-3.53478,104.217
L5A-113,-3.4814,104.1567
L5A-114,-3.53641,104.2337
L5A-115,-3.49247,104.2114
L5A-116,-3.48826,104.1927
L5A-117,-3.52403,104.232
L5A-118,-3.50228,104.2254
L5A-119,-3.46061,104.0207
L5A-120,-3.46521,104.0447
L5A-121,-3.50455,104.1578
L5A-122,-3.49326,104.1711
L5A-123,-3.54035,104.233
L5A-124,-3.48569,104.1852
L5A-125,-3.47417,104.0815
L5A-126,-3.47511,104.1568
L5A-127,-3.50843,104.2214
L5A-128 / LO 16-1,-3.47237,104.116
L5A-129,-3.52669,104.24
L5A-130,-3.53917,104.2291
L5A-131,-3.53376,104.2245
L5A-132,-3.5219,104.2341
L5A-133,-3.48275,104.1821
L5A-134,-3.50166,104.2159
L5A-135,-3.5324,104.2208
L5A-136,-3.49198,104.1856
L5A-137,-3.50461,104.1658
L5A-138,-3.53053,104.2172
L5A-139,-3.48513,104.1893
L5A-140,-3.50917,104.2045
L5A-141,-3.53735,104.238
L5A-142,-3.50754,104.1577
L5A-143,-3.51068,104.2556
L5A-144,-3.5418,104.2372
L5A-145,-3.49211,104.1894
L5A-146,-3.508,104.1632
L5A-147,-3.5333,104.2388
L5A-148,-3.49462,104.1826
L5A-149,-3.52115,104.2292
L5A-150,-3.4908,104.1679
L5A-151,-3.51027,104.1552
L5A-152,-3.50096,104.2056
L5A-153,-3.52619,104.2212
L5A-154,-3.49553,104.188
L5A-155,-3.51318,104.1539
L5A-156,-3.53016,104.225
L5A-157,-3.51523,104.2025
L5A-158,-3.47641,104.095
L5A-159,-3.52657,104.2174
L5A-160,-3.50791,104.1543
L5A-161,-3.52238,104.2164
L5A-162,-3.49876,104.1856
L5A-163,-3.49188,104.1935
L5A-164,-3.47335,104.0488
L5A-165,-3.47664,104.0444
L5A-166 / LS-19,-3.46859,104.1261
L5A-167,-3.47244,104.0532
L5A-168,-3.47274,104.1527
L5A-169,-3.48195,104.0453
L5A-170,-3.47538,104.0515
L5A-171,-3.48194,104.0453
L5A-172,-3.4704,104.0566
L5A-173,-3.5419,104.2413
L5A-174,-3.47526,104.1513
L5A-175,-3.50142,104.1803
L5A-176,-3.47017,104.1504
L5A-177,-3.47379,104.1473
L5A-178,-3.4821,104.0335
L5A-179,-3.47001,104.0509
L5A-180,-3.47741,104.1476
L5A-181,-3.5378,104.2191
L5A-182,-3.47014,104.0464
L5A-183,-3.46741,104.0543
L5A-184,-3.47915,104.1437
L5A-185,-3.4724,104.1481
L5A-186,-3.54464,104.222
L5A-187,-3.46668,104.05
L5A-188,-3.46807,104.0452
L5A-189,-3.46756,104.0587
L5A-190,-3.47587,104.1447
L5A-191,-3.48103,104.141
L5A-192,-3.46333,104.0086
L5A-193,-3.52637,104.2297
L5A-194,-3.46426,104.0581
L5A-195,-3.4644,104.0621
L5A-196,-3.4634,104.0528
L5A-197,-3.46348,104.0528
L5A-198,-3.46929,104.0619
L5A-199,-3.47491,104.0405
L5A-200,-3.47888,104.0459
L5A-201,-3.47192,104.0402
L5A-202,-3.47982,104.0422
L5A-203,-3.46902,104.0382
L5A-204,-3.46802,104.0656
L5A-205,-3.48017,104.0431
L5A-206,-3.46292,104.0275
L5A-207,-3.46255,104.0486
L5A-208,-3.47028,104.0432
L5A-209,-3.46577,104.0399
L5A-210,-3.47858,104.0366
L5A-211,-3.52217,104.2394
L5A-212,-3.52849,104.2291
L5A-213,-3.51025,104.2529
L5A-214,-3.52066,104.2461
L5A-215,-3.47019,104.0342
L5A-216,-3.50479,104.2103
L5A-217,-3.50037,104.1628
L5A-218,-3.47234,104.0554
L5A-219,-3.50235,104.2085
L5A-220,-3.51581,104.1963
L5A-221,-3.49182,104.1707
L5A-222,-3.52422,104.2293
L5A-223,-3.50029,104.2122
L5A-224,-3.48923,104.0969
L5A-225,-3.52573,104.2515
L5A-226,-3.46223,104.062
L5A-226 CEK,-3.52093,104.2294
L5A-227,-3.47598,104.0463
L5A-228,-3.484,104.0831
L5A-229,-3.52153,104.2318
L5A-230,-3.47673,104.0444
L5A-231,-3.49113,104.0982
L5A-232,-3.46183,104.06
L5A-233,-3.50468,104.2065
L5A-234,-3.539,104.239
L5A-235,-3.46178,104.06
L5A-236,-3.46198,104.06
L5A-237,-3.4619,104.06
L5A-238,-3.53721,104.2501
L5A-239,-3.45885,104.0675
L5A-240,-3.4589,104.0675
L5A-241,-3.45895,104.0674
L5A-242,-3.53726,104.25
L5A-243,-3.46204,104.0599
L5A-244,-3.45819,104.0684
L5A-245,-3.45824,104.0684
L5A-246,-3.45828,104.0683
L5A-247,-3.46774,104.0659
L5A-248,-3.45833,104.0683
L5A-249,-3.46269,104.0485
L5A-250,-3.46277,104.0483
L5A-251,-3.46273,104.0484
L5A-252,-3.46767,104.0659
L5A-253,-3.46782,104.0659
L5A-254,-3.46788,104.0659
L5A-255,-3.45768,104.0688
L5A-256,-3.45762,104.0689
L5A-257,-3.47869,104.0851
L5A-258,-3.45756,104.0689
L5A-259,-3.45854,104.0684
L5A-260,-3.47068,104.0901
L5A-261 / LTD-1,-3.46751,104.1119
L5A-262,-3.47875,104.0852
L5A-263,-3.45898,104.0752
L5A-264,-3.46392,104.0626
L5A-265,-3.45898,104.0751
L5A-266,-3.45897,104.075
L5A-267,-3.45896,104.0749
L5A-268 / LTD-02,-3.46755,104.1118
L5A-269,-3.45895,104.0749
L5A-270,-3.47879,104.0852
L5A-271,-3.46594,104.0646
L5A-272,-3.47067,104.0901
L5A-273,-3.46355,104.0529
L5A-274,-3.4596,104.0701
L5A-275,-3.45895,104.0748
L5A-276,-3.46242,104.0746
L5A-277,-3.46513,104.0921
L5A-278 / LTD-3,-3.46231,104.122
L5A-279,-3.46249,104.0746
L5A-280,-3.45971,104.07
L5A-281,-3.46397,104.0627
L5A-282,-3.46805,104.077
L5A-283,-3.45965,104.07
L5A-284,-3.46123,104.0554
L5A-285,-3.46123,104.0555
L5A-286,-3.46123,104.0556
L5A-287,-3.49758,104.0755
L5A-288,-3.46807,104.077
L5A-289,-3.46235,104.0747
L5A-290,-3.46513,104.0922
L5A-291,-3.46513,104.092
L5A-292,-3.46511,104.0923
L5A-293,-3.47072,104.0902
L5A-294,-3.52563,104.2277
L5A-295,-3.52729,104.2284
L5A-296,-3.52522,104.2307
L5A-297,-3.52533,104.2291
L5A-298,-3.52722,104.2285
L5A-299,-3.5084,104.2123
L5A-300,-3.52991,104.233
L5A-301,-3.47077,104.0902
L5A-302,-3.46512,104.0924
L5A-303,-3.47345,104.1035
L5A-304,-3.47872,104.0786
L5A-305,-3.46306,104.0846
L5A-306,-3.45583,104.0481
L5A-307,-3.49112,104.0981
L5A-308,-3.46735,104.1115
L5A-309,-3.4878,104.0772
LAB PE,-3.536389,104.308056
Laboratorium Limau Field,-3.47768,104.0826
LBA-X13,-3.49383,104.1138
LM-03,-3.48222,104.1003
LM-07,-3.49361,104.0903
LMC-001,-3.48399,104.0864
LMC-002,-3.48929,104.0851
LMC-003,-3.49467,104.0837
LMC-004,-3.49173,104.0846
LMC-006,-3.49407,104.1012
LMC-007,-3.48753,104.0853
LMC-008,-3.49072,104.0934
LMC-009,-3.49033,104.0851
LMC-010,-3.48348,104.0773
LMC-011,-3.48759,104.0773
LMC-012,-3.47998,104.0815
LMC-013,-3.48799,104.0933
LMC-014,-3.48531,104.0904
LMC-015,-3.49833,104.1046
LMC-016,-3.48138,104.1211
LMC-017,-3.49466,104.1016
LMC-018,-3.4934,104.09
LMC-019,-3.49066,104.1202
LMC-020,-3.50017,104.1194
LMC-021,-3.4961,104.094
LMC-022,-3.50391,104.1168
LMC-023,-3.49167,104.0759
LMC-024,-3.48594,104.1229
LMC-025,-3.48839,104.0796
LMC-026,-3.4951,104.117
LMC-027,-3.49338,104.0837
LMC-028,-3.50252,104.1124
LMC-029,-3.49823,104.1146
LMC-030,-3.50528,104.1139
LMC-031,-3.49828,104.1101
LMC-032,-3.50324,104.109
LMC-033,-3.49518,104.0788
LMC-034,-3.48348,104.1278
LMC-035,-3.49626,104.0835
LMC-036,-3.496,104.1248
LMC-037,-3.48344,104.0808
LMC-038,-3.48774,104.0909
LMC-039,-3.4835,104.1261
LMC-040,-3.50005,104.123
LMC-041,-3.49171,104.1131
LMC-042,-3.49014,104.1203
LMC-043,-3.50775,104.09
LMC-044,-3.48221,104.1309
LMC-045,-3.49443,104.1209
LMC-046,-3.47826,104.1304
LMC-047,-3.50693,104.1111
LMC-048,-3.4939,104.1138
LMC-049,-3.4975,104.1188
LTD-05,-3.46736,104.1116
LTD-06,-3.46731,104.1115
Point 22,-3.51954,104.2804
POOL LEMATANG,-3.477944674116809,104.07489991390607
POOL LIMAU,-3.477944674116809,104.07489991390607
SBS-001,-3.68385,103.6896
SBS-002,-3.68427,103.69
SBS-003,-3.68429,103.6882
SBS-004,-3.68387,103.6878
SBS-005,-3.68413,103.6875
SBS-006,-3.68427,103.6897
SBS-007,-3.68431,103.6892
SBS-008,-3.68387,103.6883
SKG-001,-3.63452,103.7125
SKG-002,-3.63709,103.7134
SKG-003,-3.6379,103.7153
SKG-004,-3.63837,103.7124
SKG-005,-3.6362,103.7174
SKG-006,-3.63502,103.7198
SKG-007,-3.63224,103.7206
SKG-008,-3.63447,103.7162
SKG-009,-3.63721,103.7142
SKG-010,-3.63205,103.7124
SKG-011,-3.63752,103.7124
SKG-012,-3.63214,103.715
SKG-013,-3.63017,103.7147
SKG-014,-3.62891,103.7132
SKG-015,-3.6309,103.713
SKG-016,-3.63548,103.7133
SKG-017,-3.6336,103.7121
SKG-018,-3.63286,103.7109
SKG-019,-3.63009,103.7121
SKG-020,-3.63098,103.7117
SKG-021,-3.63361,103.7099
SKG-022,-3.63299,103.709
SKG-023,-3.63119,103.7085
SKG-I,-3.49817,104.1765
SKG-II,-3.491,104.0957
SP TMB,-3.547551,104.324321
SP-BELIMBING,-3.44429,103.9537
SP-II,-3.48893,104.0937
SP-III,-3.49817,104.1203
SP-KARANGAN,-3.50679,104.2536
SP-KRAYAN,-3.42474,103.9137
SP-V,-3.53018,104.2295
SP-VII,-3.50888,104.2178
SP-VIII,-3.46705,104.0258
SP-X,-3.50162,104.1668
SP-XI,-3.47604,104.0536
SPU,-3.48715,104.086
TL-001,-3.65012,103.6615
TL-002E,-3.64723,103.6758
TL-003,-3.64774,103.6632
TL-003E,-3.64841,103.6788
TL-004,-3.64791,103.6704
TL-005,-3.65209,103.6615
TL-007,-3.64657,103.6613
TL-008,-3.64554,103.6626
TL-009,-3.64592,103.6601
TL-010,-3.64426,103.6625
TL-011,-3.64386,103.6613
TL-012,-3.64173,103.662
TL-013,-3.64303,103.6622
TL-014,-3.65509,103.6607
TL-015,-3.6435,103.6633
TL-016,-3.64521,103.6613
TL-017,-3.64272,103.6693
TL-018,-3.64725,103.6602
TL-019,-3.64453,103.6617
TL-020,-3.64856,103.6602
TL-021,-3.64991,103.6602
TL-022,-3.65126,103.6605
TL-023,-3.65233,103.6615
TL-024,-3.64409,103.6648
TL-025,-3.65264,103.6637
TL-026,-3.65201,103.6659
TL-027,-3.64463,103.6673
TL-028,-3.64695,103.6694
TL-029,-3.64884,103.6673
TL-030,-3.65067,103.6593
TL-031,-3.64913,103.6691
TL-032,-3.64645,103.6725
TL-032 WO,-3.64645,103.6725
TL-033,-3.64698,103.6582
TL-034,-3.64874,103.6723
TL-035,-3.64331,103.6707
TL-035 WO,-3.64331,103.6707
TL-036,-3.64336,103.6684
TL-036A,-3.64322,103.6681
TL-037,-3.64472,103.6722
TL-038,-3.6507,103.6715
TL-039,-3.64721,103.6775
TL-040,-3.65154,103.6689
TL-041,-3.64841,103.6743
TL-042,-3.65226,103.6636
TL-043,-3.65019,103.6728
TL-044,-3.65266,103.6681
TL-045,-3.65263,103.6696
TL-046,-3.65235,103.6712
TL-047,-3.65096,103.6722
TL-048,-3.65387,103.669
TL-049,-3.65385,103.667
TL-04E,-3.64805,103.6801
TL-050,-3.64932,103.6734
TL-051,-3.64723,103.6714
TL-052,-3.64534,103.6769
TL-053,-3.64909,103.6706
TL-054,-3.64891,103.6739
TL-055,-3.65434,103.6682
TL-056,-3.65035,103.6701
TL-057,-3.65206,103.673
TL-058,-3.64712,103.675
TL-05E,-3.64471,103.6851
TL-06E,-3.64756,103.6814
TMB-001,-3.5508,104.3308
TMB-002,-3.54829,104.3327
TMB-003,-3.55341,104.329
TMB-004,-3.54369,104.3169
TMB-005,-3.54448,104.3359
TMB-006,-3.55726,104.3386
TMB-007,-3.54677,104.3277
TMB-008,-3.54233,104.3267
TMB-009,-3.55084,104.3163
TMB-010,-3.54946,104.3245
TMB-011,-3.55029,104.3161
TMB-012,-3.54865,104.3203
TMB-013,-3.55336,104.3247
TMB-014,-3.54594,104.3132
TMB-015,-3.54593,104.3131
TMB-016,-3.54594,104.3133
TMB-017,-3.54868,104.3204
TMB-018,-3.54593,104.3131
TMB-019,-3.53638,104.3179
TMB-020,-3.53662,104.3382
TMB-021,-3.54237,104.3268
TMB-022,-3.54861,104.3203
TMB-PB1,-3.54222,104.3144
TMB-PB2,-3.53631,104.3179
TMB-PF,-3.55725,104.3386
WAREHOUSE,-3.536389,104.308056
WAREHOUSE PRABUMULIH,-3.443081,104.233647
WORKSHOP RAM,-3.536389,104.308056
Workshop RAM,-3.47768,104.0826
WORKSHOP WS,-3.4785,104.081306
Workshop WS,-3.47768,104.0826
YARD LBD,-3.4775,104.0825
YARD LIMAU,-3.536389,104.308056
YARD PENDOPO,-3.260056,103.820083
YARD PRABUMULIH,-3.433244,104.220203
YARD WS,-3.478278,104.080611
